{
    "extends": [
      "tslint-react"
    ],
    "rules": {
      "align": [
        true,
        "parameters",
        "statements"
      ],
      "ban": false,
      "class-name": true,
      "comment-format": [
        true,
        "check-space"
      ],
      "curly": true,
      "eofline": false,
      "forin": true,
      "indent": [
        true,
        "spaces"
      ],
      "interface-name": [
        "always-prefix"
      ],
      "jsdoc-format": true,
      "jsx-no-lambda": false,
      "jsx-no-multiline-js": false,
      "label-position": true,
      "max-line-length": [
        false,
        150
      ],
      "member-access": [
        true,
        "check-accessor",
        "check-constructor",
        "check-parameter-property"
      ],
      "no-any": false,
      "no-arg": true,
      "no-bitwise": true,
      "no-console": [
        false,
        "log",
        "error",
        "debug",
        "info",
        "time",
        "timeEnd",
        "trace"
      ],
      "no-consecutive-blank-lines": [
        true
      ],
      "no-construct": true,
      "no-debugger": true,
      "no-duplicate-variable": true,
      "no-empty": true,
      "no-eval": true,
      "no-shadowed-variable": true,
      "no-string-literal": false,
      "no-switch-case-fall-through": true,
      "no-trailing-whitespace": false,
      "no-unused-expression": true,
      "one-line": [
        true,
        "check-catch",
        "check-else",
        "check-open-brace",
        "check-whitespace"
      ],
      "quotemark": [
        true,
        "single",
        "jsx-double"
      ],
      "radix": true,
      "semicolon": [
        true,
        "always",
        "ignore-bound-class-methods"
      ],
      "switch-default": true,
      "trailing-comma": [
        true
      ],
      "triple-equals": [
        true,
        "allow-null-check"
      ],
      "typedef": [
        true,
        "parameter",
        "property-declaration"
      ],
      "typedef-whitespace": [
        true,
        {
          "call-signature": "nospace",
          "index-signature": "nospace",
          "parameter": "nospace",
          "property-declaration": "nospace",
          "variable-declaration": "nospace"
        }
      ],
      "variable-name": [
        true,
        "ban-keywords",
        "check-format",
        "allow-leading-underscore",
        "allow-pascal-case"
      ],
      "whitespace": [
        true,
        "check-branch",
        "check-decl",
        "check-operator",
        "check-separator",
        "check-type",
        "check-typecast"
      ]
    }
  }